Date,RoomAvailable,DeskAvailable,RoomDeskAdjusted,RoomSmoothed,RoomExtraSmoothed,Forecast,Type,CombinedLine,CombinedSmoothedLine
2024-08-25,4812.0,114500.0,4800.402071696964,4777.314993689159,4775.201397616707,,Historical,4775.201397616707,4775.201397616707
2024-08-26,4789.0,114500.0,4777.457506516367,4777.314993689159,4775.201397616707,,Historical,4775.201397616707,4775.201397616707
2024-08-27,4800.0,114500.0,4788.430994211435,4777.314993689159,4775.201397616707,,Historical,4775.201397616707,4775.201397616707
2024-08-28,4814.0,114500.0,4802.3972512778855,4777.314993689159,4775.201397616707,,Historical,4775.201397616707,4775.201397616707
2024-08-29,4762.0,114500.0,4750.522582173929,4779.342333244362,4775.201397616707,,Historical,4775.201397616707,4775.201397616707
2024-08-30,4754.0,114500.0,4742.541863850242,4779.015688799698,4775.201397616707,,Historical,4775.201397616707,4775.0579930798585
2024-08-31,4791.0,114500.0,4779.452686097289,4779.720685882969,4775.201397616707,,Historical,4775.201397616707,4774.73705148675
2024-09-01,4763.0,113000.0,4814.593448583385,4773.520747311661,4775.201397616707,,Historical,4775.201397616707,4774.171791821138
2024-09-02,4724.0,113000.0,4775.170995403719,4778.4154659474125,4774.19756585877,,Historical,4774.19756585877,4773.494292092924
2024-09-03,4742.0,113000.0,4793.3659737943335,4785.904629332329,4772.954806464944,,Historical,4772.954806464944,4772.756582270365
2024-09-04,4708.0,113000.0,4758.997681278727,4779.103896895247,4771.244579957422,,Historical,4771.244579957422,4772.015420273032
2024-09-05,4700.0,112200.0,4784.7856126241895,4766.84675289213,4770.45889951921,,Historical,4770.45889951921,4771.247288004723
2024-09-06,4710.0,112200.0,4794.966007544667,4763.2755063908235,4770.037428858792,,Historical,4770.037428858792,4770.626206184754
2024-09-07,4648.0,112200.0,4731.847559037709,4758.413885180632,4770.013263635378,,Historical,4770.013263635378,4770.1749458111735
2024-09-08,4645.0,112200.0,4728.793440561566,4763.261349078038,4769.824471738541,,Historical,4769.824471738541,4769.8927720011825
2024-09-09,4666.0,112200.0,4750.172269894568,4759.916362175595,4769.849993118992,,Historical,4769.849993118992,4769.6754493415
2024-09-10,4675.0,112200.0,4759.334625322997,4753.37182258386,4769.795983849881,,Historical,4769.795983849881,4769.582664558613
2024-09-11,4708.0,112200.0,4792.929928560571,4766.315467554181,4769.269363287482,,Historical,4769.269363287482,4769.5807448205305
2024-09-12,4677.0,112200.0,4761.370704307093,4773.4417439985145,4768.937640901434,,Historical,4768.937640901434,4769.773981077398
2024-09-13,4665.0,112200.0,4749.154230402521,4778.677375671904,4769.387935378582,,Historical,4769.387935378582,4770.171334584414
2024-09-14,4737.0,112200.0,4822.4530738299545,4777.077599327256,4769.999825468801,,Historical,4769.999825468801,4770.81384731461
2024-09-15,4694.0,112200.0,4778.677375671904,4773.878046637964,4771.177125536613,,Historical,4771.177125536613,4771.840268251018
2024-09-16,4702.0,112200.0,4786.821691608286,4777.659336179856,4772.6314676681095,,Historical,4772.6314676681095,4773.10848505811
2024-09-17,4664.0,112200.0,4748.136190910473,4778.531941458753,4774.293572961249,,Historical,4774.293572961249,4774.410319573243
2024-09-18,4686.0,112200.0,4770.533059735522,4774.4597834905635,4776.45430984233,,Historical,4776.45430984233,4775.687070166837
2024-09-19,4703.0,112200.0,4787.839731100333,4773.150875572216,4777.815158551088,,Historical,4777.815158551088,4776.972233723854
2024-09-20,4671.0,112200.0,4755.262467354806,4771.84196765387,4778.500776984508,,Historical,4778.500776984508,4778.2900457777
2024-09-21,4709.0,112200.0,4793.947968052619,4774.896086130013,4778.937079623957,,Historical,4778.937079623957,4779.728063660781
2024-09-22,4685.0,112200.0,4769.515020243474,4783.622138918993,4780.173270435729,,Historical,4780.173270435729,4781.419849405583
2024-09-23,4693.0,112200.0,4777.659336179856,4783.185836279544,4781.856152045032,,Historical,4781.856152045032,4783.64439925774
2024-09-24,4685.0,112200.0,4769.515020243474,4783.622138918993,4784.359698142823,,Historical,4784.359698142823,4786.701485779049
2024-09-25,4746.0,112200.0,4831.615429258384,4785.367349476788,4788.296810055946,,Historical,4788.296810055946,4790.769191679491
2024-09-26,4700.0,112200.0,4784.7856126241895,4783.040402066394,4793.387007516184,,Historical,4793.387007516184,4795.719891016912
2024-09-27,4674.0,112200.0,4758.316585830949,4784.7856126241895,4799.900382633673,,Historical,4799.900382633673,4801.422989803995
2024-09-28,4721.0,112200.0,4806.164441957191,4794.384270692068,4807.411020927046,,Historical,4807.411020927046,4807.740473940507
2024-09-29,4669.0,112200.0,4753.226388370711,4797.438389168211,4814.828165797679,,Historical,4814.828165797679,4814.474968422887
2024-09-30,4705.0,112200.0,4789.875810084428,4812.708981548926,4821.777843554616,,Historical,4821.777843554616,4821.4513585863215
2024-10-01,4751.0,112200.0,4836.705626718623,4833.651508242479,4828.582087098404,,Historical,4828.582087098404,4828.42923277234
2024-10-02,4767.0,112200.0,4852.994258591386,4845.722547933902,4835.438271432604,,Historical,4835.438271432604,4835.27206090329
2024-10-03,4805.0,112200.0,4891.679759289198,4864.33812721706,4842.221738660228,,Historical,4842.221738660228,4841.935322301679
2024-10-04,4818.0,112200.0,4904.914272685818,4876.990903761082,4848.745501935799,,Historical,4848.745501935799,4848.456117532083
2024-10-05,4804.0,112200.0,4890.661719797151,4878.736114318877,4855.310817843698,,Historical,4855.310817843698,4854.739469149181
2024-10-06,4797.0,112200.0,4883.535443352816,4880.917627516123,4861.470995586395,,Historical,4861.470995586395,4860.564257788084
2024-10-07,4792.0,112200.0,4878.445245892578,4878.445245892578,4867.42341016745,,Historical,4867.42341016745,4865.838474048635
2024-10-08,4763.0,112200.0,4848.922100623195,4879.608719597775,4872.565548418099,,Historical,4872.565548418099,4870.44339612418
2024-10-09,4782.0,112200.0,4868.264850972101,4880.335890663524,4876.211791904922,,Historical,4876.211791904922,4874.220233598322
2024-10-10,4788.0,112200.0,4874.373087924388,4874.373087924388,4879.14125248408,,Historical,4879.14125248408,4877.235767487303
2024-10-11,4826.0,112200.0,4913.0585886222,4876.700035334782,4880.9799564646155,,Historical,4880.9799564646155,4879.558262829947
2024-10-12,4809.0,112200.0,4895.751917257389,4880.626759089822,4881.748680162692,,Historical,4881.748680162692,4881.288633161913
2024-10-13,4756.0,112200.0,4841.795824178861,4880.772193302973,4882.579732809261,,Historical,4882.579732809261,4882.582700854428
2024-10-14,4808.0,112200.0,4894.733877765341,4884.698917058014,4883.6808775659665,,Historical,4883.6808775659665,4883.459758201076
2024-10-15,4790.0,112200.0,4876.409166908483,4884.698917058014,4884.67814074185,,Historical,4884.67814074185,4884.123116295748
2024-10-16,4783.0,112200.0,4869.282890464149,4886.73499604211,4885.270265752531,,Historical,4885.270265752531,4884.743437735509
2024-10-17,4815.0,112200.0,4901.860154209675,4890.079982944552,4885.280653910612,,Historical,4885.280653910612,4885.310334362276
2024-10-18,4826.0,112200.0,4913.0585886222,4887.753035534157,4885.623463127323,,Historical,4885.623463127323,4885.7451529791415
2024-10-19,4823.0,112200.0,4910.0044701460565,4890.370851370851,4886.090930241017,,Historical,4886.090930241017,4886.077574037769
2024-10-20,4779.0,112200.0,4865.210732495958,4896.333654109987,4886.548009196631,,Historical,4886.548009196631,4886.4604518642245
2024-10-21,4792.0,112200.0,4878.445245892578,4892.406930354947,4886.724607884027,,Historical,4886.724607884027,4887.049608829739
2024-10-22,4808.0,112200.0,4894.733877765341,4887.898469747307,4887.005088152245,,Historical,4887.005088152245,4887.89995376989
2024-10-23,4824.0,112200.0,4911.022509638105,4880.481324876673,4887.950410537718,,Historical,4887.950410537718,4889.12575642358
2024-10-24,4788.0,112200.0,4874.373087924388,4879.172416958327,4889.404752669215,,Historical,4889.404752669215,4890.732952881143
2024-10-25,4795.0,112200.0,4881.499364368721,4883.244574926517,4891.5758777083765,,Historical,4891.5758777083765,4892.8476850621455
2024-10-26,4772.0,112200.0,4858.084456051624,4887.025864468409,4894.671548816848,,Historical,4894.671548816848,4895.449176650424
2024-10-27,4770.0,112200.0,4856.048377067529,4883.244574926517,4897.798384399567,,Historical,4897.798384399567,4898.521103397566
2024-10-28,4820.0,112200.0,4906.950351669914,4888.625640813056,4901.527733151047,,Historical,4901.527733151047,4902.1094700036465
2024-10-29,4834.0,112200.0,4921.202904558581,4897.933430454635,4905.2155292702,,Historical,4905.2155292702,4906.116330978178
2024-10-30,4798.0,112200.0,4884.553482844864,4907.095785883064,4909.453897767705,,Historical,4909.453897767705,4910.329471091769
2024-10-31,4825.0,112200.0,4912.040549130153,4920.475733492834,4914.523318911779,,Historical,4914.523318911779,4914.649460831347
2024-11-01,4859.0,112200.0,4946.653891859774,4931.09243105276,4919.623904530099,,Historical,4919.623904530099,4918.978354706424
2024-11-02,4835.0,112200.0,4922.220944050629,4934.146549528902,4924.163529611986,,Historical,4924.163529611986,4923.391837868742
2024-11-03,4862.0,112200.0,4949.708010335918,4948.544536630719,4928.038312576617,,Historical,4928.038312576617,4927.756348285816
2024-11-04,4893.0,112200.0,4981.267234589396,4944.036076023081,4931.829990276589,,Historical,4931.829990276589,4931.853734637921
2024-11-05,4855.0,112200.0,4942.581733891583,4947.235628712372,4936.109911406423,,Historical,4936.109911406423,4935.54004673449
2024-11-06,4897.0,112200.0,4985.3393925575865,4951.4532208937135,4940.005470687218,,Historical,4940.005470687218,4938.781152056111
2024-11-07,4794.0,112200.0,4880.481324876673,4950.5806156148155,4943.20502337651,,Historical,4943.20502337651,4941.764037448263
2024-11-08,4881.0,112200.0,4969.050760684823,4946.7993260729245,4945.428089206084,,Historical,4945.428089206084,4944.389273397872
2024-11-09,4864.0,112200.0,4951.744089320013,4941.272825973237,4946.851266863335,,Historical,4946.851266863335,4946.616791295195
2024-11-10,4856.0,112200.0,4943.599773383631,4936.328062726147,4948.918510321676,,Historical,4948.918510321676,4948.448075162814
2024-11-11,4867.0,112200.0,4954.798207796156,4948.544536630719,4950.206641923859,,Historical,4950.206641923859,4949.976618423469
2024-11-12,4817.0,112200.0,4903.896233193771,4952.471260385761,4951.702536687684,,Historical,4951.702536687684,4951.432444577549
2024-11-13,4863.0,112200.0,4950.726049827965,4951.889523533163,4952.824457760553,,Historical,4952.824457760553,4952.975828064036
2024-11-14,4878.0,112200.0,4965.99664220868,4951.598655106863,4953.904826201093,,Historical,4953.904826201093,4954.539987866686
2024-11-15,4908.0,112200.0,4996.537826970111,4951.016918254265,4955.618872284643,,Historical,4955.618872284643,4956.274810266399
2024-11-16,4860.0,112200.0,4947.6719313518215,4963.087957945687,4957.654951268739,,Historical,4957.654951268739,4958.006664620947
2024-11-17,4854.0,112200.0,4941.563694399536,4966.578379061279,4959.86762894023,,Historical,4959.86762894023,4959.756327246492
2024-11-18,4863.0,112200.0,4950.726049827965,4964.978602716633,4962.350398721856,,Historical,4962.350398721856,4961.5579306624495
2024-11-19,4900.0,112200.0,4988.39351103373,4962.942523732537,4963.825517169517,,Historical,4963.825517169517,4963.21947944712
2024-11-20,4887.0,112200.0,4975.15899763711,4966.578379061279,4965.072096139373,,Historical,4965.072096139373,4964.6489864606865
2024-11-21,4867.0,112200.0,4954.798207796156,4974.577260784512,4966.516050112786,,Historical,4966.516050112786,4965.589567394008
2024-11-22,4894.0,112200.0,4982.285274081443,4975.304431850259,4967.249713777336,,Historical,4967.249713777336,4965.891840533857
2024-11-23,4885.0,112200.0,4973.1229186530145,4972.250313374117,4967.661500363712,,Historical,4967.661500363712,4965.680775421968
2024-11-24,4909.0,112200.0,4997.555866462159,4971.086839668918,4966.451695473467,,Historical,4966.451695473467,4964.892447785567
2024-11-25,4868.0,112200.0,4955.816247288203,4969.196194897973,4964.466310700814,,Historical,4964.466310700814,4963.364928500495
2024-11-26,4879.0,112200.0,4967.014681700728,4969.923365963722,4962.348061386288,,Historical,4962.348061386288,4961.131941979953
2024-11-27,4879.0,112200.0,4967.014681700728,4972.104879160966,4959.553802684569,,Historical,4959.553802684569,4958.305591289873
2024-11-28,4854.0,112200.0,4941.563694399536,4961.869946410558,4955.82341511728,,Historical,4955.82341511728,4955.202811713229
2024-11-29,4899.0,112200.0,4987.375471541682,4956.781930463518,4951.618808133542,,Historical,4951.618808133542,4951.969861095701
2024-11-30,4900.0,112200.0,4988.39351103373,4946.150689482276,4947.877045533153,,Historical,4947.877045533153,4948.65472530752
2024-12-01,5175.0,120000.0,4925.9113372093025,4938.782992244114,4944.732238436954,,Historical,4944.732238436954,4945.307705294138
2024-12-02,5169.0,120000.0,4920.200135658915,4935.323112313284,4941.835656378126,,Historical,4941.835656378126,4942.044436095238
2024-12-03,5140.0,120000.0,4892.5959948320415,4923.822901908474,4939.142110869013,,Historical,4939.142110869013,4939.026000942106
2024-12-04,5164.0,120000.0,4915.440801033592,4914.352953119233,4936.1246625909,,Historical,4936.1246625909,4936.259011155353
2024-12-05,5166.0,120000.0,4917.344534883721,4915.712763012182,4932.980530724975,,Historical,4932.980530724975,4933.754181378028
2024-12-06,5155.0,120000.0,4906.873998708011,4922.919755444814,4930.489762061626,,Historical,4930.489762061626,4931.5540065968
2024-12-07,5171.0,120000.0,4922.103869509045,4928.223014027317,4928.50811702588,,Historical,4928.50811702588,4929.66617404865
2024-12-08,5185.0,120000.0,4935.430006459948,4930.53469084533,4927.1984299956775,,Historical,4927.1984299956775,4928.280668304673
2024-12-09,5222.0,120000.0,4970.649082687339,4931.486557770396,4926.4344329095275,,Historical,4926.4344329095275,4927.553845984231
2024-12-10,5179.0,120000.0,4929.718804909561,4927.679090070137,4925.927283031959,,Historical,4925.927283031959,4927.402082414765
2024-12-11,5181.0,120000.0,4931.6225387596905,4928.087033038021,4926.426122383063,,Historical,4926.426122383063,4927.620827343523
2024-12-12,5173.0,120000.0,4924.007603359173,4926.999185123662,4927.892774481887,,Historical,4927.892774481887,4928.034995786143
2024-12-13,5127.0,120000.0,4880.221724806202,4929.038899963087,4929.427417075358,,Historical,4929.427417075358,4928.580507647487
2024-12-14,5174.0,120000.0,4924.959470284238,4927.815071059432,4930.039331527185,,Historical,4930.039331527185,4929.163780463459
2024-12-15,5177.0,120000.0,4927.815071059432,4928.087033038021,4930.097609094025,,Historical,4930.097609094025,4929.741005887406
2024-12-16,5237.0,120000.0,4984.927086563308,4928.223014027317,4930.253015938934,,Historical,4930.253015938934,4930.205838861016
2024-12-17,5170.0,120000.0,4921.15200258398,4930.806652823921,4930.0101927437645,,Historical,4930.0101927437645,4930.498614256334
2024-12-18,5183.0,120000.0,4933.526272609819,4934.886082502769,4930.466700350683,,Historical,4930.466700350683,4930.683159884663
2024-12-19,5174.0,120000.0,4924.959470284238,4937.197759320783,4931.146605297158,,Historical,4931.146605297158,4930.885743807491
2024-12-20,5146.0,120000.0,4898.3071963824295,4931.486557770396,4931.476844842588,,Historical,4931.476844842588,4931.089715291433
2024-12-21,5204.0,120000.0,4953.515478036176,4929.038899963087,4931.331150925487,,Historical,4931.331150925487,4931.3505767811
2024-12-22,5194.0,120000.0,4943.99680878553,4932.71038667405,4931.515696553816,,Historical,4931.515696553816,4931.542060215005
2024-12-23,5195.0,120000.0,4944.948675710594,4928.087033038022,4931.680816326531,,Historical,4931.680816326531,4931.636414370842
2024-12-24,5152.0,120000.0,4904.018397932817,4934.070196567,4931.83622317144,,Historical,4931.83622317144,4931.683591448761
2024-12-25,5210.0,120000.0,4959.2266795865635,4937.605702288668,4931.807084388019,,Historical,4931.807084388019,4931.751581943409
2024-12-26,5140.0,120000.0,4892.5959948320415,4931.6225387596905,4931.807084388019,,Historical,4931.807084388019,4931.793208776866
2024-12-27,5190.0,120000.0,4940.189341085272,4926.999185123662,4931.807084388019,,Historical,4931.807084388019,4931.811247071365
2024-12-28,5230.0,120000.0,4978.264018087855,4930.398709856035,4931.807084388019,,Historical,4931.807084388019,4931.807084388019
2024-12-29,5150.0,120000.0,4902.114664082687,4930.398709856035,4931.807084388019,,Historical,4931.807084388019,4931.875639456312
2024-12-30,5161.0,120000.0,4912.585200258398,4930.398709856035,4931.807084388019,,Historical,4931.807084388019,4931.944194524605
2024-12-31,5177.0,120000.0,4927.815071059432,4930.398709856035,4931.807084388019,,Historical,4931.807084388019,4932.012749592898
2025-01-01,,,,,,4932.286969866072,Forecast,4932.286969866072,4932.081304661192
2025-01-02,,,,,,4932.286969866072,Forecast,4932.286969866072,4932.154702682291
2025-01-03,,,,,,4932.286969866072,Forecast,4932.286969866072,4932.233282463594
2025-01-04,,,,,,4932.286969866072,Forecast,4932.286969866072,4932.317193478954
2025-01-05,,,,,,4932.320870535715,Forecast,4932.320870535715,4932.3378706951535
2025-01-06,,,,,,4932.357142857143,Forecast,4932.357142857143,4932.363699776785
2025-01-07,,,,,,4932.394461495535,Forecast,4932.394461495535,4932.394401705994
2025-01-08,,,,,,4932.431710379465,Forecast,4932.431710379465,4932.429637675383
2025-01-09,,,,,,4932.4677734375,Forecast,4932.4677734375,4932.464215959822
2025-01-10,,,,,,4932.501883370535,Forecast,4932.501883370535,4932.497448979592
2025-01-11,,,,,,4932.533621651785,Forecast,4932.533621651785,4932.528858418367
2025-01-12,,,,,,4932.562918526785,Forecast,4932.562918526785,4932.558135363521
2025-01-13,,,,,,4932.589773995535,Forecast,4932.589773995535,4932.58519013074
2025-01-14,,,,,,4932.614327566965,Forecast,4932.614327566965,4932.610072544643
2025-01-15,,,,,,4932.636648995535,Forecast,4932.636648995535,4932.632932079082
2025-01-16,,,,,,4932.657156808035,Forecast,4932.657156808035,4932.653948102678
2025-01-17,,,,,,4932.676060267857,Forecast,4932.676060267857,4932.673290019133
2025-01-18,,,,,,4932.693638392857,Forecast,4932.693638392857,4932.691097337372
2025-01-19,,,,,,4932.710030691965,Forecast,4932.710030691965,4932.7075394610965
2025-01-20,,,,,,4932.725167410715,Forecast,4932.725167410715,4932.722745934311
2025-01-21,,,,,,4932.738978794643,Forecast,4932.738978794643,4932.736846301021
2025-01-22,,,,,,4932.751743861607,Forecast,4932.751743861607,4932.749920280612
2025-01-23,,,,,,4932.763602120535,Forecast,4932.763602120535,4932.762027662628
2025-01-24,,,,,,4932.774762834822,Forecast,4932.774762834822,4932.773268096301
2025-01-25,,,,,,4932.78515625,Forecast,4932.78515625,4932.783761160715
2025-01-26,,,,,,4932.794782366072,Forecast,4932.794782366072,4932.793566645408
2025-01-27,,,,,,4932.803850446428,Forecast,4932.803850446428,4932.802744339924
2025-01-28,,,,,,4932.812430245535,Forecast,4932.812430245535,4932.811314174107
2025-01-29,,,,,,4932.820382254465,Forecast,4932.820382254465,4932.8193160076535
2025-01-30,,,,,,4932.827845982143,Forecast,4932.827845982143,4932.826789700254
2025-01-31,,,,,,4932.834751674107,Forecast,4932.834751674107,4932.833745216836
2025-02-01,,,,,,4932.841169084822,Forecast,4932.841169084822,4932.840192522322
2025-02-02,,,,,,4932.847098214285,Forecast,4932.847098214285,4932.846181441326
2025-02-03,,,,,,4932.8525390625,Forecast,4932.8525390625,4932.851721938775
2025-02-04,,,,,,4932.857561383928,Forecast,4932.857561383928,4932.856843909439
2025-02-05,,,,,,4932.8623046875,Forecast,4932.8623046875,4932.861577248086
2025-02-06,,,,,,4932.866629464285,Forecast,4932.866629464285,4932.865971779336
2025-02-07,,,,,,4932.87060546875,Forecast,4932.87060546875,4932.870047433035
2025-02-08,,,,,,4932.874302455357,Forecast,4932.874302455357,4932.873844068878
2025-02-09,,,,,,4932.877859933035,Forecast,4932.877859933035,4932.877361686863
2025-02-10,,,,,,4932.881068638393,Forecast,4932.881068638393,4932.88063018176
2025-02-11,,,,,,4932.884137834822,Forecast,4932.884137834822,4932.883679448342
2025-02-12,,,,,,4932.886928013393,Forecast,4932.886928013393,4932.886529416454
2025-02-13,,,,,,4932.889508928572,Forecast,4932.889508928572,4932.88916015625
2025-02-14,,,,,,4932.891950334822,Forecast,4932.891950334822,4932.891611527424
2025-02-15,,,,,,4932.894252232143,Forecast,4932.894252232143,4932.893873565051
2025-02-16,,,,,,4932.896275111607,Forecast,4932.896275111607,4932.8959761639035
2025-02-17,,,,,,4932.898228236607,Forecast,4932.898228236607,4932.8979292889035
2025-02-18,,,,,,4932.899972098215,Forecast,4932.899972098215,4932.899732940051
2025-02-19,,,,,,4932.901646205357,Forecast,4932.901646205357,4932.901397082271
2025-02-20,,,,,,4932.903180803572,Forecast,4932.903180803572,4932.902951610332
2025-02-21,,,,,,4932.904575892857,Forecast,4932.904575892857,4932.904386559311
2025-02-22,,,,,,4932.905901227678,Forecast,4932.905901227678,4932.905721859055
2025-02-23,,,,,,4932.907156808035,Forecast,4932.907156808035,4932.9069575095655
2025-02-24,,,,,,4932.908272879465,Forecast,4932.908272879465,4932.90797393176
2025-02-25,,,,,,4932.909319196428,Forecast,4932.909319196428,4932.908791055485
2025-02-26,,,,,,4932.910295758928,Forecast,4932.910295758928,4932.909418845664
2025-02-27,,,,,,4932.910295758928,Forecast,4932.910295758928,4932.909418845664
2025-02-28,,,,,,4932.910295758928,Forecast,4932.910295758928,4932.909418845664
2025-03-01,,,,,,4932.910295758928,Forecast,4932.910295758928,4932.909418845664
