feature1,feature2
1.9014027784769727,2.1737419888631053
2.200365942327796,2.018149324913656
2.106698093981564,2.1228419240762633
1.698061826119348,2.1400690118970576
1.6465431814709894,1.9279479404871755
2.0068173061551837,1.85350051344445
2.447326753971299,2.098141655013637
1.6986444026933478,2.2898724028547295
2.2862785101639607,2.576766133558039
2.101021533069371,2.200669348294603
1.8477241385145768,1.909208994456656
1.625738642058581,2.3411401630112105
1.627611559705045,1.5853350202495844
1.8690547184044932,1.712209401197258
2.133908753215114,2.1449868466641866
2.065182186501165,2.0163549100767786
1.9417987961763028,2.1249143841534006
1.983992157395197,1.98485324696803
2.0019237899934446,2.3487521883971096
1.8496446213756033,1.7331116320820947
2.0054823806104602,1.96265410805802
2.0021449032237735,1.5895220980099216
2.488778248101432,1.5915971676449838
1.499709463954272,1.8607848067278956
1.7380015974642622,2.0411246592237724
2.462679372720334,1.631015961019307
2.435053726964733,1.6068971775257486
1.4851453723116914,1.6041454881394555
1.6244664136928564,1.6250891338198123
1.7264882288428405,1.989291199120755
1.9266912065759538,2.303915106631308
1.6334540636796948,1.6599247913057846
2.3136969569674504,1.731314377629487
2.2050082346824396,2.055100431205923
1.341203210323196,2.047312403059036
1.7089449872433384,1.57846704712994
1.5691490520327651,2.0813166130302956
2.1493391602720564,1.641493192277995
1.94365463092639,1.938423510636233
2.232187196609727,2.340363952375653
2.478783905680754,1.8803294873046283
2.0736138565209505,1.9089051735338458
1.7412001683568488,1.6722728379350098
2.2459871143045183,1.8133574108378143
1.8021024437097968,1.599809508632278
1.8082457766254976,1.8915562273274735
2.1254650089352998,2.288741942345167
1.594115083588385,2.5424799662461366
2.1208817832486107,1.761693690037916
2.28402261787969,1.8298102361044373
2.359610667070478,1.7081877987079706
2.176607035764999,2.30583311697961
2.316586692474728,1.434461595368855
1.8551573970904653,1.2967367646094758
2.1309260966417147,2.157067325542179
1.7685262448154586,2.004121972382291
1.7781117813032137,1.7608915553091862
1.8589236535314921,2.0808969294682806
1.728049010002051,1.7987029714839193
1.6529455644110254,1.7495836649389456
1.7803593364336252,2.1817851665804144
2.0666259646293477,2.156253709779838
1.9240189175939928,1.9073561500073417
2.0784865083171487,1.6980900764511553
1.9726067383006345,1.8954772162998783
2.2236126386782153,2.277647669131034
2.568333517544807,2.3013506023358437
1.8825919443741523,1.7252134271559345
1.826934446496166,2.485130580021884
2.167006326490113,2.245508756481592
1.445506036688513,2.5935357176717853
2.07087150879947,1.8938189367270515
2.1126387160540894,2.0064041340256846
1.8233307582588925,1.5879205512277679
1.790355593562887,1.5591464086117637
1.929886402911104,1.5442381141023205
2.07479820548269,1.9684636732044456
2.155690221433232,1.6538226860443717
2.0648351886040786,2.3247379383034854
2.029200745108946,1.9210986287565255
2.083931958974355,1.8559178036458261
1.6435917233965065,2.1982149521372554
1.7791292688832763,1.8293018903385876
1.9167645793612909,1.9644877535676877
2.527170561477987,1.8463357401325715
1.5937435409397762,2.0124243455095496
2.2129524473132554,2.075736749077725
1.9641760223987357,1.6697327364580183
2.133002035179275,1.8456465855079087
2.1158006852988738,2.400665894297486
1.9368844950821378,1.997877006732098
2.8042546278797986,2.336594447395153
1.6929216138728111,2.7460761819071764
2.001947290160308,1.908114585857172
2.432335291658072,1.4866343309451286
2.21981307848126,2.088768982669899
1.91857906959547,1.895857520455261
2.2573699920624946,2.2793456685419127
1.84326673986213,2.3881590021455588
1.527068332429105,1.6760825854190893
2.3384808216606032,1.9427736445655335
1.7713684404344356,2.430973449770409
1.7261870667410335,1.7648960273349226
2.2779228478173117,2.208842996935707
1.8164700822298128,1.8577806621202169
1.6934407210809719,2.578723411047523
2.107986131412111,1.679659688534087
1.8697272036471322,2.2958412609863412
1.8405294420498464,2.202087603483704
2.239313954455794,2.107263535380503
2.368353277187423,2.1496502894833847
2.370904728437133,2.599873328454353
1.6539505348838952,2.2201616973986544
2.354080716122566,2.4933674867817053
1.5715942995700924,2.02331546799734
2.1186410705453578,2.4401503035972922
1.8390487867500542,1.8230564358066386
2.2294211357476734,1.6353295587219634
2.291649083642296,2.02471472841681
2.156916117499842,2.37948739439081
2.012992017543288,1.789992961934106
1.884678890567056,2.1005665974866585
2.210230949280717,1.6594475329455691
2.000213156504384,1.979000671218336
2.0602939863052976,1.684690428920955
2.08829926842554,1.6923935565949004
2.2876850475627566,2.117856399119942
2.480414675078354,1.7920614579952088
2.2561057257046317,1.9555458107381425
2.349789438190862,1.6490668568117266
2.022932317834717,2.1838862049232723
2.796555598946608,1.6861445047848491
1.3992188956125364,1.2676919408342666
2.1582623442257978,1.6565461754630966
2.4006943319305023,2.1215212425161374
1.9242785079505116,2.2208525269217367
1.8111990555423674,1.339074484777374
2.130717069523295,1.785524152184668
1.3746450858343935,1.7341897117075908
1.888663917795889,1.7443817670185797
1.4884667390747346,1.7263510659977723
2.3046139542994943,2.130612731724078
1.8195883698081043,1.6876659360197048
1.7023934061231858,1.865213261788067
2.177817482174059,1.9563706780346284
1.8478720666517527,1.7318593165308114
1.561708046318533,2.8900479386933395
2.202076562619889,2.0811209793595276
2.175390032302649,1.7957182601890382
1.8127026333851421,2.090938277092358
1.7831661245855859,2.5086264570126398
1.9986058694481212,2.041133855837616
1.8878923066023883,1.9478778458451587
1.5763481720725148,1.9068515839267963
1.8343998731856228,1.8971393063821425
1.7973989709317792,1.9844544365611587
1.623186087280945,2.117262647757566
1.8385511961474852,1.8501862237679028
1.850020027777108,1.5769057418995103
1.822084943239732,1.1845826283427572
1.3611314210209806,2.06513308698348
2.102833871045237,1.7970195563711948
2.10198345594154,2.347372796604798
2.2928324091412193,2.2663736333761344
1.9146207686648866,2.1831566301947047
1.937518636720654,2.468279382216252
1.8919975580223802,1.9996402822252224
1.9449097444381491,1.9051281068092365
2.151455216198105,1.8155350399194028
1.5522355997141808,2.3894244490093315
1.6228788480068166,1.8533859934430985
1.6041781796671108,1.9563691452719978
2.072643657258741,1.8059859832254819
2.1120643671006163,1.9193398661829915
1.8978727336198336,1.6343588314364417
2.811096188087982,1.7938455120088295
1.5268674345000357,2.009078624507841
1.335018871411557,1.7510520303880046
2.245474740914059,2.376163216805573
1.206663235314081,2.172151430213004
1.9949154156556503,2.0884582219118966
1.9396974559463958,1.8591833893343332
1.4066185488657856,2.061342150463045
2.060442894118104,1.7453405609713997
1.8036181128587792,2.0218556143209527
2.1930557744080454,1.839431167613137
1.7739968695284682,2.3394977123741665
2.139220433512065,2.269884003728002
2.070511818059519,1.4305788713677066
2.406908810158429,2.3326405374860264
1.6231691939441348,1.690470484423159
1.9718740648719182,2.233274587528801
1.5810782429612087,1.9438422497051728
2.158653919511281,1.710180728576148
2.2809809736534365,1.8246494466618055
2.0404449971342444,2.0464359762701108
2.4809103020100296,2.275271697295019
2.251394089826951,2.5445811335485207
1.6320699578308955,2.735918280788874
1.9349477229297876,1.9144916598110913
2.137045921112607,2.2234491601782684
2.175270384715843,1.9558561494853126
2.1950321069599252,2.2797839214508224
1.6542365476635015,1.924504016702182
1.692416082601274,2.1573126183130618
1.93315211905737,1.744980378342892
2.049424998724704,1.986663268971863
2.1868101260325528,1.4407202296466828
2.1746540083584454,2.0929054580352355
1.7729228114081617,1.6637201270982582
2.1711826324050074,1.657017689979712
1.7190591109848206,2.204002017319368
2.2151297388010027,2.1270864150224753
2.2674841091610114,2.0185057377363855
2.148571342184243,2.039295012824728
1.938933166963388,2.505329962011574
1.779865713844388,2.0305936509208933
2.590390092604343,1.6807622728878968
1.6760538526543165,1.909246050605136
1.886516609504386,1.875418368322016
1.7653528784973207,1.6620069886970656
2.0919777180646273,1.797800595841045
1.9449030126387077,1.9893277435502172
1.4356918943236443,1.4660959200200443
1.7355744873712502,1.870937740419508
2.2205225140963,2.5962693733586093
1.8733283003629406,1.8561267755582773
1.577636712808691,2.0182345718387
1.9616782792870677,1.683242849160565
1.9785640915195064,2.108909606345725
1.6814172672714494,2.1721896658199986
1.5623680314124115,2.5120040154514
1.9604829353179256,1.847587794233129
1.6404882319546266,1.7078450405653203
1.7826102682255873,1.8234571323228985
2.056748810395079,1.5819339982630938
2.054847046321049,2.0963190132129146
1.8830309906315117,2.395290433836639
1.8074774095088255,1.948614812280118
2.16026670714714,1.9928853877399835
2.403818967144058,2.0699238268872433
2.679697975973655,2.0935695422457137
2.0238891917281996,1.7487501322329138
2.7012890780755243,2.5925793350757154
2.972571923805241,1.7769116630980613
2.2397398910865216,2.1182972149464003
1.6371142997601884,2.153298202709732
2.3686017390022354,1.4828063050106042
2.4699634889473465,1.8548186480412183
1.6140261360659105,1.5780826006587263
-2.0985972215230273,-1.8262580111368947
-1.799634057672204,-1.9818506750863438
-1.893301906018436,-1.8771580759237367
-2.301938173880652,-1.8599309881029424
-2.3534568185290103,-2.0720520595128247
-1.993182693844816,-2.14649948655555
-1.5526732460287007,-1.9018583449863629
-2.301355597306652,-1.7101275971452705
-1.7137214898360393,-1.423233866441961
-1.8989784669306289,-1.799330651705397
-2.1522758614854234,-2.090791005543344
-2.374261357941419,-1.6588598369887892
-2.372388440294955,-2.4146649797504156
-2.1309452815955066,-2.2877905988027423
-1.8660912467848858,-1.8550131533358134
-1.934817813498835,-1.9836450899232214
-2.058201203823697,-1.8750856158465994
-2.016007842604803,-2.01514675303197
-1.9980762100065554,-1.6512478116028906
-2.150355378624397,-2.2668883679179053
-1.9945176193895398,-2.03734589194198
-1.9978550967762263,-2.4104779019900784
-1.511221751898568,-2.408402832355016
-2.500290536045728,-2.1392151932721046
-2.261998402535738,-1.9588753407762274
-1.5373206272796656,-2.368984038980693
-1.5649462730352666,-2.393102822474251
-2.5148546276883086,-2.3958545118605445
-2.3755335863071436,-2.374910866180188
-2.2735117711571595,-2.010708800879245
-2.0733087934240464,-1.6960848933686916
-2.366545936320305,-2.3400752086942154
-1.6863030430325496,-2.268685622370513
-1.7949917653175607,-1.9448995687940773
-2.658796789676804,-1.9526875969409638
-2.2910550127566616,-2.4215329528700598
-2.430850947967235,-1.9186833869697046
-1.8506608397279436,-2.358506807722005
-2.0563453690736098,-2.061576489363767
-1.767812803390273,-1.659636047624347
-1.521216094319246,-2.1196705126953717
-1.9263861434790495,-2.091094826466154
-2.2587998316431515,-2.32772716206499
-1.754012885695482,-2.1866425891621857
-2.197897556290203,-2.400190491367722
-2.1917542233745024,-2.1084437726725263
-1.8745349910647,-1.7112580576548329
-2.405884916411615,-1.4575200337538634
-1.8791182167513896,-2.238306309962084
-1.7159773821203101,-2.1701897638955625
-1.6403893329295223,-2.2918122012920294
-1.8233929642350009,-1.6941668830203902
-1.6834133075252722,-2.5655384046311447
-2.144842602909535,-2.703263235390524
-1.8690739033582855,-1.842932674457821
-2.2314737551845414,-1.995878027617709
-2.2218882186967863,-2.239108444690814
-2.141076346468508,-1.9191030705317194
-2.2719509899979493,-2.2012970285160804
-2.3470544355889746,-2.2504163350610544
-2.219640663566375,-1.8182148334195853
-1.9333740353706523,-1.843746290220162
-2.075981082406007,-2.0926438499926583
-1.9215134916828513,-2.3019099235488447
-2.0273932616993653,-2.104522783700122
-1.7763873613217847,-1.7223523308689659
-1.431666482455193,-1.6986493976641563
-2.1174080556258477,-2.2747865728440653
-2.1730655535038337,-1.5148694199781159
-1.832993673509887,-1.754491243518408
-2.554493963311487,-1.4064642823282147
-1.92912849120053,-2.1061810632729485
-1.8873612839459106,-1.9935958659743152
-2.1766692417411075,-2.412079448772232
-2.2096444064371132,-2.4408535913882363
-2.070113597088896,-2.4557618858976795
-1.92520179451731,-2.031536326795554
-1.8443097785667677,-2.346177313955628
-1.9351648113959217,-1.6752620616965146
-1.9707992548910538,-2.0789013712434743
-1.916068041025645,-2.144082196354174
-2.3564082766034935,-1.8017850478627446
-2.2208707311167237,-2.170698109661412
-2.083235420638709,-2.035512246432312
-1.4728294385220129,-2.1536642598674285
-2.406256459060224,-1.9875756544904504
-1.7870475526867446,-1.924263250922275
-2.0358239776012645,-2.3302672635419817
-1.8669979648207249,-2.1543534144920913
-1.884199314701126,-1.599334105702514
-2.063115504917862,-2.002122993267902
-1.1957453721202014,-1.6634055526048468
-2.3070783861271886,-1.2539238180928236
-1.9980527098396916,-2.091885414142828
-1.5676647083419282,-2.5133656690548714
-1.78018692151874,-1.9112310173301008
-2.08142093040453,-2.104142479544739
-1.7426300079375057,-1.7206543314580875
-2.15673326013787,-1.611840997854441
-2.472931667570895,-2.3239174145809107
-1.6615191783393968,-2.0572263554344667
-2.228631559565564,-1.5690265502295908
-2.2738129332589665,-2.2351039726650774
-1.7220771521826883,-1.7911570030642932
-2.183529917770187,-2.142219337879783
-2.306559278919028,-1.4212765889524772
-1.8920138685878891,-2.320340311465913
-2.130272796352868,-1.7041587390136588
-2.1594705579501534,-1.797912396516296
-1.7606860455442057,-1.8927364646194969
-1.631646722812577,-1.8503497105166153
-1.6290952715628668,-1.4001266715456469
-2.3460494651161046,-1.7798383026013453
-1.645919283877434,-1.5066325132182947
-2.4284057004299076,-1.9766845320026596
-1.8813589294546422,-1.5598496964027078
-2.160951213249946,-2.1769435641933614
-1.7705788642523266,-2.3646704412780366
-1.7083509163577042,-1.9752852715831903
-1.843083882500158,-1.6205126056091903
-1.9870079824567124,-2.210007038065894
-2.1153211094329443,-1.8994334025133415
-1.7897690507192832,-2.340552467054431
-1.999786843495616,-2.0209993287816643
-1.9397060136947024,-2.315309571079045
-1.9117007315744599,-2.3076064434050996
-1.7123149524372434,-1.8821436008800578
-1.519585324921646,-2.2079385420047912
-1.7438942742953683,-2.0444541892618577
-1.650210561809138,-2.350933143188273
-1.9770676821652828,-1.8161137950767277
-1.203444401053392,-2.313855495215151
-2.6007811043874636,-2.7323080591657334
-1.841737655774202,-2.3434538245369034
-1.5993056680694977,-1.8784787574838626
-2.0757214920494884,-1.7791474730782633
-2.1888009444576326,-2.660925515222626
-1.8692829304767051,-2.214475847815332
-2.6253549141656065,-2.265810288292409
-2.1113360822041107,-2.25561823298142
-2.5115332609252654,-2.2736489340022277
-1.6953860457005054,-1.869387268275922
-2.1804116301918954,-2.312334063980295
-2.297606593876814,-2.134786738211933
-1.8221825178259412,-2.043629321965372
-2.1521279333482473,-2.2681406834691886
-2.4382919536814667,-1.1099520613066605
-1.7979234373801112,-1.9188790206404724
-1.8246099676973506,-2.2042817398109618
-2.1872973666148576,-1.909061722907642
-2.216833875414414,-1.49137354298736
-2.0013941305518785,-1.9588661441623838
-2.1121076933976117,-2.052122154154841
-2.4236518279274852,-2.0931484160732037
-2.165600126814377,-2.1028606936178575
-2.2026010290682208,-2.0155455634388413
-2.3768139127190553,-1.8827373522424338
-2.161448803852515,-2.1498137762320972
-2.149979972222892,-2.4230942581004897
-2.177915056760268,-2.815417371657243
-2.6388685789790194,-1.9348669130165204
-1.8971661289547632,-2.202980443628805
-1.89801654405846,-1.6526272033952019
-1.707167590858781,-1.7336263666238656
-2.0853792313351134,-1.816843369805295
-2.0624813632793457,-1.5317206177837481
-2.1080024419776198,-2.0003597177747774
-2.055090255561851,-2.0948718931907635
-1.8485447838018947,-2.1844649600805974
-2.447764400285819,-1.6105755509906685
-2.3771211519931836,-2.1466140065569017
-2.395821820332889,-2.0436308547280024
-1.927356342741259,-2.194014016774518
-1.887935632899384,-2.0806601338170085
-2.1021272663801662,-2.3656411685635583
-1.1889038119120179,-2.2061544879911708
-2.4731325654999643,-1.990921375492159
-2.664981128588443,-2.2489479696119954
-1.7545252590859408,-1.6238367831944271
-2.793336764685919,-1.8278485697869962
-2.0050845843443494,-1.9115417780881034
-2.060302544053604,-2.1408166106656665
-2.5933814511342144,-1.9386578495369553
-1.939557105881896,-2.2546594390286003
-2.1963818871412206,-1.978144385679047
-1.8069442255919543,-2.160568832386863
-2.2260031304715318,-1.6605022876258335
-1.8607795664879354,-1.7301159962719979
-1.929488181940481,-2.5694211286322934
-1.5930911898415712,-1.6673594625139738
-2.376830806055865,-2.309529515576841
-2.028125935128082,-1.766725412471199
-2.4189217570387913,-2.0561577502948274
-1.841346080488719,-2.289819271423852
-1.7190190263465635,-2.1753505533381947
-1.9595550028657556,-1.9535640237298895
-1.5190896979899704,-1.7247283027049807
-1.748605910173049,-1.455418866451479
-2.3679300421691045,-1.2640817192111262
-2.065052277070212,-2.085508340188909
-1.8629540788873928,-1.7765508398217316
-1.824729615284157,-2.0441438505146876
-1.8049678930400745,-1.7202160785491776
-2.3457634523364983,-2.075495983297818
-2.307583917398726,-1.8426873816869385
-2.06684788094263,-2.255019621657108
-1.950575001275296,-2.013336731028137
-1.8131898739674475,-2.559279770353317
-1.8253459916415546,-1.9070945419647647
-2.227077188591838,-2.3362798729017418
-1.8288173675949926,-2.342982310020288
-2.2809408890151794,-1.7959979826806316
-1.7848702611989973,-1.8729135849775247
-1.7325158908389884,-1.9814942622636145
-1.8514286578157568,-1.9607049871752718
-2.061066833036612,-1.494670037988426
-2.220134286155612,-1.969406349079107
-1.4096099073956572,-2.319237727112103
-2.3239461473456835,-2.090753949394864
-2.113483390495614,-2.124581631677984
-2.2346471215026793,-2.337993011302934
-1.908022281935373,-2.202199404158955
-2.0550969873612925,-2.0106722564497828
-2.5643081056763557,-2.5339040799799557
-2.26442551262875,-2.129062259580492
-1.7794774859037001,-1.403730626641391
-2.1266716996370594,-2.1438732244417227
-2.422363287191309,-1.9817654281613
-2.0383217207129323,-2.3167571508394347
-2.0214359084804934,-1.8910903936542751
-2.3185827327285504,-1.8278103341800014
-2.4376319685875885,-1.4879959845486002
-2.0395170646820744,-2.152412205766871
-2.3595117680453734,-2.2921549594346797
-2.217389731774413,-2.1765428676771013
-1.9432511896049214,-2.4180660017369062
-1.945152953678951,-1.9036809867870856
-2.1169690093684883,-1.6047095661633606
-2.1925225904911745,-2.051385187719882
-1.8397332928528602,-2.0071146122600165
-1.5961810328559423,-1.930076173112757
-1.3203020240263448,-1.9064304577542863
-1.9761108082718006,-2.2512498677670862
-1.2987109219244757,-1.4074206649242846
-1.027428076194759,-2.223088336901939
-1.7602601089134784,-1.8817027850536
-2.362885700239812,-1.846701797290268
-1.6313982609977644,-2.5171936949893956
-1.5300365110526535,-2.1451813519587817
-2.3859738639340895,-2.421917399341274
-3.5985972215230273,-3.3262580111368947
-3.299634057672204,-3.481850675086344
-3.393301906018436,-3.3771580759237367
-3.801938173880652,-3.3599309881029424
-3.8534568185290103,-3.5720520595128247
-3.4931826938448163,-3.64649948655555
-3.052673246028701,-3.401858344986363
-3.801355597306652,-3.2101275971452705
-3.2137214898360393,-2.923233866441961
-3.398978466930629,-3.299330651705397
-3.6522758614854234,-3.590791005543344
-3.874261357941419,-3.1588598369887895
-3.872388440294955,-3.9146649797504156
-3.6309452815955066,-3.7877905988027423
-3.366091246784886,-3.3550131533358134
-3.434817813498835,-3.4836450899232214
-3.558201203823697,-3.3750856158465994
-3.516007842604803,-3.51514675303197
-3.4980762100065554,-3.1512478116028904
-3.650355378624397,-3.7668883679179053
-3.4945176193895398,-3.53734589194198
-3.4978550967762265,-3.9104779019900784
-3.011221751898568,-3.908402832355016
-4.0002905360457275,-3.6392151932721046
-3.761998402535738,-3.4588753407762276
-3.037320627279666,-3.868984038980693
-3.064946273035267,-3.893102822474251
-4.014854627688308,-3.8958545118605445
-3.8755335863071436,-3.874910866180188
-3.7735117711571595,-3.510708800879245
-3.5733087934240464,-3.196084893368692
-3.866545936320305,-3.8400752086942154
-3.1863030430325496,-3.768685622370513
-3.2949917653175604,-3.444899568794077
-4.1587967896768046,-3.452687596940964
-3.7910550127566616,-3.9215329528700598
-3.930850947967235,-3.4186833869697044
-3.3506608397279436,-3.858506807722005
-3.5563453690736098,-3.561576489363767
-3.267812803390273,-3.159636047624347
-3.021216094319246,-3.6196705126953717
-3.4263861434790495,-3.591094826466154
-3.7587998316431515,-3.82772716206499
-3.2540128856954817,-3.6866425891621857
-3.697897556290203,-3.900190491367722
-3.6917542233745024,-3.6084437726725263
-3.3745349910647002,-3.211258057654833
-3.905884916411615,-2.9575200337538634
-3.3791182167513893,-3.738306309962084
-3.21597738212031,-3.6701897638955625
-3.140389332929522,-3.7918122012920294
-3.323392964235001,-3.19416688302039
-3.183413307525272,-4.065538404631145
-3.644842602909535,-4.203263235390525
-3.3690739033582853,-3.342932674457821
-3.7314737551845414,-3.495878027617709
-3.7218882186967863,-3.739108444690814
-3.641076346468508,-3.4191030705317194
-3.7719509899979493,-3.7012970285160804
-3.8470544355889746,-3.7504163350610544
-3.719640663566375,-3.3182148334195856
-3.4333740353706523,-3.343746290220162
-3.575981082406007,-3.5926438499926583
-3.4215134916828513,-3.8019099235488447
-3.5273932616993653,-3.604522783700122
-3.2763873613217847,-3.222352330868966
-2.931666482455193,-3.1986493976641563
-3.6174080556258477,-3.7747865728440653
-3.6730655535038337,-3.014869419978116
-3.332993673509887,-3.254491243518408
-4.054493963311487,-2.9064642823282147
-3.42912849120053,-3.6061810632729485
-3.3873612839459106,-3.4935958659743154
-3.6766692417411075,-3.912079448772232
-3.7096444064371132,-3.9408535913882363
-3.570113597088896,-3.9557618858976795
-3.42520179451731,-3.531536326795554
-3.344309778566768,-3.846177313955628
-3.4351648113959214,-3.1752620616965146
-3.470799254891054,-3.5789013712434743
-3.416068041025645,-3.644082196354174
-3.8564082766034935,-3.3017850478627446
-3.7208707311167237,-3.670698109661412
-3.583235420638709,-3.535512246432312
-2.972829438522013,-3.6536642598674285
-3.906256459060224,-3.4875756544904504
-3.2870475526867446,-3.424263250922275
-3.5358239776012645,-3.8302672635419817
-3.366997964820725,-3.6543534144920913
-3.3841993147011262,-3.099334105702514
-3.563115504917862,-3.502122993267902
-2.6957453721202014,-3.163405552604847
-3.8070783861271886,-2.7539238180928236
-3.498052709839692,-3.591885414142828
-3.067664708341928,-4.013365669054871
-3.28018692151874,-3.411231017330101
-3.58142093040453,-3.604142479544739
-3.2426300079375054,-3.2206543314580873
-3.65673326013787,-3.1118409978544412
-3.972931667570895,-3.8239174145809107
-3.1615191783393968,-3.5572263554344667
-3.728631559565564,-3.069026550229591
-3.7738129332589665,-3.7351039726650774
-3.2220771521826883,-3.291157003064293
-3.683529917770187,-3.642219337879783
-3.806559278919028,-2.921276588952477
-3.392013868587889,-3.820340311465913
-3.630272796352868,-3.2041587390136588
-3.6594705579501534,-3.297912396516296
-3.260686045544206,-3.392736464619497
-3.131646722812577,-3.3503497105166153
-3.129095271562867,-2.900126671545647
-3.8460494651161046,-3.2798383026013456
-3.145919283877434,-3.0066325132182947
-3.9284057004299076,-3.47668453200266
-3.3813589294546422,-3.0598496964027078
-3.660951213249946,-3.6769435641933614
-3.2705788642523266,-3.8646704412780366
-3.208350916357704,-3.47528527158319
-3.343083882500158,-3.12051260560919
-3.487007982456712,-3.710007038065894
-3.6153211094329443,-3.3994334025133415
-3.289769050719283,-3.840552467054431
-3.499786843495616,-3.5209993287816643
-3.4397060136947024,-3.815309571079045
-3.41170073157446,-3.8076064434050996
-3.2123149524372434,-3.382143600880058
-3.019585324921646,-3.7079385420047912
-3.2438942742953683,-3.5444541892618577
-3.150210561809138,-3.850933143188273
-3.477067682165283,-3.3161137950767277
-2.703444401053392,-3.813855495215151
-4.100781104387464,-4.232308059165733
-3.3417376557742022,-3.8434538245369034
-3.0993056680694977,-3.3784787574838626
-3.5757214920494884,-3.2791474730782633
-3.6888009444576326,-4.160925515222626
-3.369282930476705,-3.714475847815332
-4.125354914165607,-3.765810288292409
-3.6113360822041107,-3.75561823298142
-4.011533260925265,-3.7736489340022277
-3.1953860457005057,-3.369387268275922
-3.6804116301918954,-3.812334063980295
-3.797606593876814,-3.634786738211933
-3.322182517825941,-3.543629321965372
-3.6521279333482473,-3.7681406834691886
-3.9382919536814667,-2.6099520613066605
-3.297923437380111,-3.4188790206404724
-3.324609967697351,-3.7042817398109618
-3.6872973666148576,-3.409061722907642
-3.716833875414414,-2.9913735429873602
-3.5013941305518785,-3.458866144162384
-3.6121076933976117,-3.552122154154841
-3.9236518279274852,-3.5931484160732037
-3.665600126814377,-3.6028606936178575
-3.7026010290682208,-3.5155455634388413
-3.8768139127190553,-3.382737352242434
-3.661448803852515,-3.6498137762320972
-3.649979972222892,-3.9230942581004897
-3.677915056760268,-4.315417371657243
-4.138868578979019,-3.43486691301652
-3.397166128954763,-3.702980443628805
-3.39801654405846,-3.152627203395202
-3.2071675908587807,-3.2336263666238656
-3.5853792313351134,-3.3168433698052953
-3.5624813632793457,-3.031720617783748
-3.6080024419776198,-3.5003597177747774
-3.555090255561851,-3.5948718931907635
-3.348544783801895,-3.6844649600805974
-3.947764400285819,-3.1105755509906685
-3.8771211519931836,-3.6466140065569017
-3.895821820332889,-3.5436308547280024
-3.427356342741259,-3.694014016774518
-3.3879356328993837,-3.5806601338170085
-3.6021272663801662,-3.8656411685635583
-2.688903811912018,-3.7061544879911708
-3.9731325654999643,-3.490921375492159
-4.164981128588443,-3.7489479696119954
-3.254525259085941,-3.123836783194427
-4.293336764685919,-3.327848569786996
-3.5050845843443494,-3.4115417780881034
-3.560302544053604,-3.6408166106656665
-4.093381451134214,-3.438657849536955
-3.439557105881896,-3.7546594390286003
-3.6963818871412206,-3.4781443856790473
-3.3069442255919546,-3.660568832386863
-3.7260031304715318,-3.1605022876258335
-3.360779566487935,-3.230115996271998
-3.429488181940481,-4.069421128632293
-3.093091189841571,-3.1673594625139736
-3.876830806055865,-3.809529515576841
-3.528125935128082,-3.266725412471199
-3.9189217570387913,-3.5561577502948274
-3.341346080488719,-3.789819271423852
-3.2190190263465635,-3.6753505533381947
-3.4595550028657556,-3.4535640237298892
-3.0190896979899704,-3.224728302704981
-3.248605910173049,-2.9554188664514793
-3.8679300421691045,-2.764081719211126
-3.565052277070212,-3.585508340188909
-3.362954078887393,-3.2765508398217316
-3.324729615284157,-3.5441438505146876
-3.3049678930400748,-3.2202160785491776
-3.8457634523364983,-3.575495983297818
-3.807583917398726,-3.3426873816869382
-3.56684788094263,-3.755019621657108
-3.450575001275296,-3.513336731028137
-3.3131898739674472,-4.059279770353317
-3.3253459916415546,-3.4070945419647645
-3.727077188591838,-3.8362798729017418
-3.3288173675949926,-3.842982310020288
-3.7809408890151794,-3.295997982680632
-3.2848702611989973,-3.3729135849775247
-3.2325158908389886,-3.4814942622636145
-3.351428657815757,-3.460704987175272
-3.561066833036612,-2.994670037988426
-3.720134286155612,-3.4694063490791067
-2.909609907395657,-3.819237727112103
-3.8239461473456835,-3.590753949394864
-3.613483390495614,-3.624581631677984
-3.7346471215026793,-3.837993011302934
-3.4080222819353727,-3.702199404158955
-3.5550969873612925,-3.5106722564497828
-4.064308105676356,-4.033904079979956
-3.76442551262875,-3.629062259580492
-3.2794774859037,-2.9037306266413907
-3.6266716996370594,-3.6438732244417227
-3.922363287191309,-3.4817654281613
-3.5383217207129323,-3.8167571508394347
-3.5214359084804934,-3.391090393654275
-3.8185827327285504,-3.3278103341800014
-3.9376319685875885,-2.9879959845486
-3.5395170646820744,-3.652412205766871
-3.8595117680453734,-3.7921549594346797
-3.717389731774413,-3.6765428676771013
-3.443251189604921,-3.9180660017369062
-3.445152953678951,-3.4036809867870854
-3.6169690093684883,-3.104709566163361
-3.6925225904911745,-3.551385187719882
-3.33973329285286,-3.5071146122600165
-3.096181032855942,-3.4300761731127567
-2.820302024026345,-3.4064304577542863
-3.4761108082718004,-3.7512498677670862
-2.7987109219244757,-2.9074206649242846
-2.527428076194759,-3.723088336901939
-3.2602601089134784,-3.3817027850535997
-3.862885700239812,-3.346701797290268
-3.1313982609977646,-4.017193694989396
-3.0300365110526535,-3.6451813519587817
-3.8859738639340895,-3.921917399341274
2.0235465310086744,2.0380940749272303
1.5614363982581665,2.148965327275468
2.165407338254054,2.233459528102731
1.1362802781363215,2.2724525884997027
1.7169316049412147,2.3381146298830484
2.114000891815815,2.317303489654882
1.4195929784833259,2.1501452181715726
1.600708889370698,1.770267881907859
2.419863200864823,2.426224398788656
2.292829451525538,2.364017734171989
2.1807462825600634,2.461599256440668
1.9610570702982708,1.9728461600402394
2.009564019355864,1.6256517612177346
1.7931196972413155,1.3135647380386213
1.8713876695344138,1.9606468258057834
1.2829592454682095,1.7313475465205461
1.8048178227444014,1.7431927487143288
1.6119911583164863,2.1204479405408376
1.5654879970470055,2.051529959850176
2.551622198923902,2.707311405556164
2.0797761697956583,1.765810032216618
1.4927625538163574,2.1180328813230997
2.2398399274095064,1.7098205168380718
2.142842333013589,2.46989960437393
2.0986726080103693,1.3863577103536562
2.18906783570531,1.8471473056369914
2.027167833304463,2.177967928419702
1.973223308189786,2.2049376044646687
2.077561136218251,2.171743989802496
2.1011314770676117,1.5190276013524309
1.9706644834714413,1.7104612810889448
2.4721605564051203,2.0377286528115683
2.100786590294254,2.0565608736244
1.7534803409758497,1.4574760494582297
2.3307428600936166,1.7051481941625297
2.3001672720357815,1.6027165141571136
2.13913680470865,1.678707476136988
1.8975509026371464,2.0013737579983153
2.3342064193885874,1.8790664910507404
1.5430602431576186,2.3681236926816323
2.421831196869616,2.258021436984332
2.1438626821941984,1.288466542663791
2.1701060521357523,2.3880900377528382
1.9039421982975668,2.608201399055896
2.341739343281318,1.9235725369977879
2.0880313056953828,2.121138721840425
2.3247037622344253,2.1982059265839364
2.3152134131214015,1.714251662540701
2.0089338036395503,2.397785915924728
2.0493228660038922,1.6837160669531712
1.9184986067942267,1.6990289318062608
1.405428028380375,1.896135144667255
2.4667686520815146,2.0556818285990923
1.9871554984528572,2.7482460544563736
2.321058882373616,2.0534281064987217
2.1268184794303044,2.3595289549414864
2.1736998292630716,1.8758600340167415
1.3375473437161505,1.9253291534616137
1.8938195282358365,1.581025892853626
2.122901002645491,2.4423643767871126
2.1857590727219898,2.6819397318321263
1.9921685956558026,2.261724844324791
2.0965755444020124,1.9268982194653284
1.8497385587719914,2.4942754218189602
1.921751874259193,2.3434622113977572
2.3137856746466694,1.935483664863344
2.2542067721918584,2.2751987486208494
1.9831578608389286,2.5253998835720486
1.5609403798995474,2.0917460320154837
2.373345895409161,2.2950802423413186
1.7051919675365,2.162145831524182
1.9179559523193428,1.7223022738344254
1.9076145502619557,1.9075415375693803
1.640880751557532,2.4638699042844228
2.6614200806724293,1.5698150140092422
2.0733993822505616,1.7150597152737626
2.2171126392055442,1.8676770681118073
2.0500396749566896,1.8592713971278947
2.2258969293340884,1.1609091104407736
1.6429204050571615,1.7775147406401026
1.7762703203360586,1.451196233382531
1.8722745579013786,2.1886593674065873
1.6446817596457235,2.4053023760545784
1.9842118165197231,1.785382999690544
2.239571538192693,2.6904966885491013
1.4383517469234777,2.0842120385739307
2.1361359581662946,2.095817714993754
2.0314367144754164,1.8712526863015921
1.8294279747776918,2.520068907904999
1.5691071254911322,1.9056323899514727
2.033370135067852,2.337002837573053
1.806076004336914,2.366513511493506
2.020965949901581,2.2661452636935815
2.2149016873372536,2.07780520707339
1.808321494453254,1.8706651657803228
2.2662253183854917,1.8152866083909056
1.9121262397203516,2.031362831977759
1.882352637740619,1.788414532108717
2.226785428588004,1.580702960809176
2.0939324982632126,1.8681015576362823
1.819075475426811,1.8164327839454821
1.6099321328232514,1.8352399225367042
1.9064619160760818,2.2164787414763425
1.8739407041793872,2.2690416605219674
2.0294604928796725,2.3144551396491817
1.393139040895693,2.3417233859940754
1.8522139127889719,1.5918429497276385
2.569776179824936,2.1012841595849134
2.421948708431179,2.305005821824785
2.108437237666135,2.0686412331792807
1.984896069989131,1.7107203041474293
2.1253443365376343,1.4942722010250031
1.9068464083161827,2.0604399806363722
2.357708665067137,1.6661816454116625
2.06785776568346,1.6944418257945353
2.3078711788729303,2.058728808620901
2.008955802601415,1.4847786483488048
2.3213426620532926,2.4719852211561415
1.5410381228129257,1.388414124319279
2.0560019638949796,1.7443366089903682
2.2953135842926593,1.8203958290209292
1.765358081111584,1.9204326957844304
1.5049562953982925,1.6687740219329532
2.118632808151339,2.5100945598589233
2.17918712674563,2.2974911774128475
2.5662631262271267,2.241595345950784
2.2915975990118493,2.0788505894018057
1.5108840342661718,1.983337238154045
1.9143490384260522,2.3314024438953167
2.2085841368936667,2.6049766055198953
1.820080460581514,2.081535421966305
2.5196167957319267,1.7443104556819462
2.2531632033646356,2.097040716964429
2.0382051991347825,1.9470911683233667
1.70580497918072,1.7840891414923268
2.1469802597601264,2.270174647379916
2.1238421476078027,1.6628067010654282
2.1238314332089505,2.4189678774132033
2.04589103466808,1.8340051510832371
1.5902979714040182,2.345139866029987
1.734890925922422,1.9548106138000425
1.685840494256313,2.1610790267911124
2.041749669793113,2.1981174100205174
1.3126293847386963,1.91188555384049
2.056933611854163,1.7794124618195561
2.3868829520571215,1.9242107612570478
2.362267725137704,1.9216744145557587
1.817989151921759,2.2956844956690348
2.009054764377402,1.6826641530434407
2.108052008179815,1.535223928227188
-1.9764534689913256,-1.9619059250727697
-2.4385636017418335,-1.8510346727245317
-1.8345926617459458,-1.7665404718972688
-2.8637197218636787,-1.7275474115002973
-2.2830683950587853,-1.6618853701169514
-1.885999108184185,-1.6826965103451184
-2.580407021516674,-1.8498547818284272
-2.399291110629302,-2.229732118092141
-1.580136799135177,-1.5737756012113442
-1.7071705484744621,-1.635982265828011
-1.8192537174399368,-1.538400743559332
-2.0389429297017294,-2.0271538399597606
-1.9904359806441358,-2.3743482387822654
-2.2068803027586847,-2.6864352619613787
-2.1286123304655864,-2.0393531741942166
-2.7170407545317907,-2.268652453479454
-2.1951821772555986,-2.256807251285671
-2.3880088416835137,-1.8795520594591624
-2.4345120029529945,-1.9484700401498238
-1.4483778010760981,-1.292688594443836
-1.9202238302043417,-2.234189967783382
-2.507237446183643,-1.8819671186769003
-1.7601600725904938,-2.290179483161928
-1.8571576669864112,-1.53010039562607
-1.9013273919896307,-2.613642289646344
-1.81093216429469,-2.1528526943630086
-1.972832166695537,-1.8220320715802978
-2.026776691810214,-1.7950623955353313
-1.9224388637817487,-1.8282560101975038
-1.8988685229323885,-2.480972398647569
-2.0293355165285587,-2.2895387189110554
-1.5278394435948797,-1.9622713471884317
-1.899213409705746,-1.9434391263756
-2.2465196590241505,-2.5425239505417703
-1.6692571399063834,-2.2948518058374705
-1.6998327279642187,-2.3972834858428866
-1.86086319529135,-2.3212925238630118
-2.1024490973628533,-1.9986262420016847
-1.6657935806114124,-2.1209335089492596
-2.4569397568423814,-1.6318763073183677
-1.578168803130384,-1.7419785630156677
-1.8561373178058016,-2.711533457336209
-1.8298939478642475,-1.6119099622471618
-2.096057801702433,-1.391798600944104
-1.658260656718682,-2.076427463002212
-1.9119686943046172,-1.8788612781595753
-1.6752962377655747,-1.8017940734160636
-1.6847865868785985,-2.285748337459299
-1.9910661963604497,-1.6022140840752719
-1.9506771339961078,-2.316283933046829
-2.0815013932057735,-2.300971068193739
-2.594571971619625,-2.1038648553327453
-1.5332313479184854,-1.9443181714009075
-2.012844501547143,-1.2517539455436264
-1.6789411176263844,-1.9465718935012783
-1.8731815205696956,-1.6404710450585134
-1.8263001707369284,-2.1241399659832587
-2.6624526562838495,-2.0746708465383863
-2.1061804717641635,-2.418974107146374
-1.8770989973545087,-1.5576356232128874
-1.8142409272780105,-1.3180602681678737
-2.0078314043441976,-1.738275155675209
-1.9034244555979873,-2.0731017805346714
-2.1502614412280083,-1.50572457818104
-2.078248125740807,-1.656537788602243
-1.6862143253533306,-2.064516335136656
-1.7457932278081416,-1.7248012513791504
-2.016842139161071,-1.4746001164279514
-2.4390596201004526,-1.9082539679845163
-1.626654104590839,-1.7049197576586814
-2.2948080324635,-1.8378541684758178
-2.082044047680657,-2.2776977261655746
-2.0923854497380443,-2.0924584624306197
-2.3591192484424677,-1.5361300957155772
-1.3385799193275707,-2.430184985990758
-1.9266006177494381,-2.2849402847262374
-1.7828873607944555,-2.1323229318881927
-1.9499603250433104,-2.1407286028721053
-1.7741030706659118,-2.8390908895592264
-2.3570795949428383,-2.2224852593598974
-2.2237296796639416,-2.548803766617469
-2.1277254420986216,-1.8113406325934127
-2.3553182403542765,-1.5946976239454216
-2.015788183480277,-2.214617000309456
-1.760428461807307,-1.3095033114508987
-2.5616482530765223,-1.9157879614260693
-1.8638640418337054,-1.904182285006246
-1.9685632855245836,-2.128747313698408
-2.170572025222308,-1.479931092095001
-2.430892874508868,-2.0943676100485273
-1.9666298649321479,-1.6629971624269468
-2.193923995663086,-1.633486488506494
-1.9790340500984192,-1.7338547363064185
-1.7850983126627464,-1.92219479292661
-2.1916785055467463,-2.1293348342196774
-1.7337746816145083,-2.1847133916090944
-2.087873760279648,-1.9686371680222412
-2.117647362259381,-2.211585467891283
-1.773214571411996,-2.4192970391908237
-1.9060675017367872,-2.1318984423637177
-2.180924524573189,-2.183567216054518
-2.3900678671767484,-2.164760077463296
-2.093538083923918,-1.7835212585236575
-2.126059295820613,-1.7309583394780326
-1.9705395071203275,-1.6855448603508183
-2.6068609591043073,-1.6582766140059249
-2.147786087211028,-2.4081570502723615
-1.430223820175064,-1.8987158404150868
-1.5780512915688212,-1.6949941781752151
-1.8915627623338649,-1.9313587668207193
-2.015103930010869,-2.2892796958525707
-1.8746556634623657,-2.5057277989749966
-2.0931535916838175,-1.9395600193636278
-1.6422913349328632,-2.3338183545883373
-1.9321422343165402,-2.3055581742054647
-1.6921288211270697,-1.941271191379099
-1.991044197398585,-2.515221351651195
-1.6786573379467076,-1.5280147788438583
-2.4589618771870745,-2.611585875680721
-1.9439980361050204,-2.2556633910096315
-1.7046864157073407,-2.1796041709790708
-2.234641918888416,-2.0795673042155696
-2.4950437046017075,-2.331225978067047
-1.8813671918486612,-1.4899054401410765
-1.8208128732543698,-1.7025088225871523
-1.4337368737728733,-1.758404654049216
-1.7084024009881509,-1.9211494105981943
-2.489115965733828,-2.016662761845955
-2.085650961573948,-1.668597556104683
-1.7914158631063333,-1.3950233944801045
-2.179919539418486,-1.9184645780336949
-1.4803832042680731,-2.2556895443180536
-1.7468367966353644,-1.902959283035571
-1.9617948008652175,-2.0529088316766333
-2.29419502081928,-2.215910858507673
-1.8530197402398736,-1.7298253526200842
-1.8761578523921973,-2.337193298934572
-1.8761685667910497,-1.5810321225867967
-1.9541089653319197,-2.165994848916763
-2.409702028595982,-1.654860133970013
-2.265109074077578,-2.0451893861999575
-2.314159505743687,-1.8389209732088878
-1.9582503302068874,-1.8018825899794828
-2.6873706152613037,-2.08811444615951
-1.9430663881458374,-2.220587538180444
-1.6131170479428785,-2.0757892387429524
-1.6377322748622958,-2.0783255854442415
-2.182010848078241,-1.7043155043309652
-1.9909452356225976,-2.317335846956559
-1.8919479918201854,-2.464776071772812
-3.4764534689913256,-3.4619059250727697
-3.9385636017418335,-3.351034672724532
-3.334592661745946,-3.266540471897269
-4.363719721863679,-3.2275474115002973
-3.7830683950587853,-3.1618853701169516
-3.385999108184185,-3.182696510345118
-4.080407021516674,-3.3498547818284274
-3.899291110629302,-3.729732118092141
-3.080136799135177,-3.073775601211344
-3.207170548474462,-3.135982265828011
-3.3192537174399366,-3.038400743559332
-3.5389429297017294,-3.5271538399597606
-3.490435980644136,-3.8743482387822654
-3.7068803027586847,-4.186435261961379
-3.6286123304655864,-3.5393531741942166
-4.217040754531791,-3.768652453479454
-3.6951821772555986,-3.756807251285671
-3.8880088416835137,-3.3795520594591624
-3.9345120029529945,-3.448470040149824
-2.948377801076098,-2.792688594443836
-3.4202238302043417,-3.734189967783382
-4.007237446183643,-3.3819671186769003
-3.2601600725904936,-3.790179483161928
-3.357157666986411,-3.03010039562607
-3.4013273919896307,-4.113642289646344
-3.31093216429469,-3.6528526943630086
-3.472832166695537,-3.322032071580298
-3.526776691810214,-3.2950623955353313
-3.422438863781749,-3.328256010197504
-3.3988685229323883,-3.980972398647569
-3.5293355165285587,-3.7895387189110554
-3.0278394435948797,-3.4622713471884317
-3.399213409705746,-3.4434391263756
-3.7465196590241505,-4.042523950541771
-3.1692571399063834,-3.7948518058374705
-3.1998327279642185,-3.8972834858428866
-3.36086319529135,-3.8212925238630118
-3.6024490973628533,-3.4986262420016847
-3.1657935806114126,-3.6209335089492596
-3.9569397568423814,-3.1318763073183677
-3.078168803130384,-3.241978563015668
-3.3561373178058016,-4.211533457336209
-3.3298939478642477,-3.1119099622471618
-3.596057801702433,-2.891798600944104
-3.158260656718682,-3.576427463002212
-3.4119686943046172,-3.378861278159575
-3.1752962377655747,-3.3017940734160636
-3.1847865868785985,-3.785748337459299
-3.4910661963604497,-3.102214084075272
-3.4506771339961078,-3.816283933046829
-3.5815013932057735,-3.800971068193739
-4.094571971619625,-3.6038648553327453
-3.0332313479184854,-3.4443181714009077
-3.512844501547143,-2.7517539455436264
-3.178941117626384,-3.4465718935012783
-3.3731815205696956,-3.1404710450585136
-3.3263001707369284,-3.6241399659832587
-4.1624526562838495,-3.5746708465383863
-3.6061804717641635,-3.918974107146374
-3.377098997354509,-3.0576356232128874
-3.3142409272780102,-2.8180602681678737
-3.5078314043441976,-3.238275155675209
-3.4034244555979876,-3.5731017805346714
-3.6502614412280083,-3.0057245781810398
-3.578248125740807,-3.1565377886022428
-3.1862143253533306,-3.564516335136656
-3.2457932278081416,-3.2248012513791506
-3.516842139161071,-2.9746001164279514
-3.9390596201004526,-3.4082539679845163
-3.126654104590839,-3.2049197576586814
-3.7948080324635,-3.337854168475818
-3.582044047680657,-3.7776977261655746
-3.5923854497380443,-3.5924584624306197
-3.8591192484424677,-3.0361300957155772
-2.8385799193275707,-3.930184985990758
-3.4266006177494384,-3.7849402847262374
-3.2828873607944558,-3.6323229318881927
-3.4499603250433104,-3.6407286028721053
-3.2741030706659116,-4.339090889559227
-3.8570795949428383,-3.7224852593598974
-3.7237296796639416,-4.048803766617469
-3.6277254420986216,-3.3113406325934127
-3.8553182403542765,-3.0946976239454216
-3.515788183480277,-3.714617000309456
-3.260428461807307,-2.8095033114508987
-4.061648253076522,-3.4157879614260693
-3.3638640418337054,-3.404182285006246
-3.4685632855245836,-3.628747313698408
-3.670572025222308,-2.979931092095001
-3.930892874508868,-3.5943676100485273
-3.466629864932148,-3.162997162426947
-3.693923995663086,-3.133486488506494
-3.479034050098419,-3.2338547363064185
-3.2850983126627464,-3.42219479292661
-3.6916785055467463,-3.6293348342196774
-3.2337746816145083,-3.6847133916090944
-3.587873760279648,-3.468637168022241
-3.617647362259381,-3.711585467891283
-3.273214571411996,-3.9192970391908237
-3.4060675017367874,-3.6318984423637177
-3.680924524573189,-3.683567216054518
-3.8900678671767484,-3.664760077463296
-3.593538083923918,-3.2835212585236575
-3.626059295820613,-3.2309583394780326
-3.4705395071203275,-3.1855448603508183
-4.106860959104307,-3.1582766140059246
-3.647786087211028,-3.9081570502723615
-2.930223820175064,-3.3987158404150866
-3.078051291568821,-3.194994178175215
-3.391562762333865,-3.4313587668207193
-3.515103930010869,-3.7892796958525707
-3.3746556634623657,-4.005727798974997
-3.5931535916838175,-3.4395600193636278
-3.142291334932863,-3.8338183545883373
-3.43214223431654,-3.8055581742054647
-3.1921288211270697,-3.441271191379099
-3.491044197398585,-4.015221351651195
-3.1786573379467074,-3.0280147788438585
-3.9589618771870745,-4.1115858756807215
-3.4439980361050204,-3.7556633910096315
-3.2046864157073407,-3.6796041709790708
-3.734641918888416,-3.5795673042155696
-3.9950437046017075,-3.831225978067047
-3.381367191848661,-2.9899054401410767
-3.32081287325437,-3.2025088225871525
-2.9337368737728733,-3.258404654049216
-3.2084024009881507,-3.4211494105981943
-3.989115965733828,-3.516662761845955
-3.585650961573948,-3.1685975561046833
-3.2914158631063333,-2.8950233944801047
-3.679919539418486,-3.418464578033695
-2.9803832042680733,-3.7556895443180536
-3.2468367966353644,-3.402959283035571
-3.4617948008652175,-3.5529088316766333
-3.79419502081928,-3.715910858507673
-3.3530197402398736,-3.229825352620084
-3.3761578523921973,-3.837193298934572
-3.3761685667910495,-3.0810321225867967
-3.45410896533192,-3.665994848916763
-3.909702028595982,-3.154860133970013
-3.765109074077578,-3.5451893861999575
-3.814159505743687,-3.3389209732088876
-3.458250330206887,-3.3018825899794826
-4.187370615261304,-3.58811444615951
-3.443066388145837,-3.720587538180444
-3.1131170479428785,-3.5757892387429524
-3.137732274862296,-3.5783255854442415
-3.682010848078241,-3.2043155043309652
-3.490945235622598,-3.817335846956559
-3.391947991820185,-3.964776071772812
